Nota,T√≠tulo,Coment√°rio
5,Jogo massa,Desafiador e interessante!
4,Muito bom!,Adoro!!!!!
5,.,Volta com o modo Odus por favor
5,Adoro,Adoro o jogo!!
5,Nath,Muito bom!
5,Legal,Esse √© o jogo mais legal pq quando agente est√° no banheiro agente joga da mais prazer em jogar ksksksks üòÇ
5,üòçüëçexcelente,Recomendo
5,Muito topppp,Muito topppp
5,Muito divertido!!,Nota 10!!
5,Amo,√ìtimo
5,Divertido,"Gosto muito, mas acho estranho n√£o ter fim nunca o jogo"
5,Thaises,"Adoro o jogo üëè
Seria melhor se n√£o tivesse que comprar coisas no App pra ficar melhor ainda o jogo üòâ"
5,Gostei,Bom
5,Mt bom,As vezes estressante kkkk
3,Roleta,J√° que o Jackpot n√£o funciona deveria ser substitu√≠do por outro pr√™mio.  Talvez uma vida...   mais de cinco anos que eu jogo e nunca parou no jackpot.
5,Legal,Passa tempo
5,Baaao,N√£o
5,Conectar,"N√£o estou conseguindo conectar ao Facebook, para comparar ranking com meus amigos, competimos semanalmente ! Vejam isso pf"
5,Top,Muito bom
5,Excelente jogo,Jogo divertido e muito bom!!
1,Falha,N√£o est√° conectando ao face
5,O melhor !! Amoooo,TOP
5,Sensacional,Sensa√ß√£o de prazer üòª‚ù§Ô∏è
1,O capacete est√° uma droga!!!,"O jogo alterou o modo do capacete, que tem aqueles pr√™mios, antes era poss√≠vel completar ele em qualquer fase e agora s√≥ passando das fases atuais, sendo que antes era poss√≠vel pegar o capacete pelas fases antiga e isso prejudicou o jogo, para pegar os pr√™mios, passar de fase. Como passar dessas fases super dif√≠ceis sem capacete completo? Isso atalhada o jogo e estou realmente custeada e at√© parando de jogar por conta disso. Tem como voltarem como era antes? Por favor concertem isso!!"
5,√ìtimo jogo,Estou amando
4,Mal funcionamento,"A montagem do rob√¥ n√£o est√° funcionando, voc√™ passa as fases e n√£o recebe o b√¥nus."
5,Melhor jogo,Amoo demaiss
5,Top,üëçüèºüëçüèº
5,Muito bom,Otimo
5,Amo,To viciado
5,Muito bom!!!,Muito bom!!!
5,Show,Viciado eu to kkk
5,Altamente viciante,Voc√™ se sente totalmente desafiado e quando ver passa horas jogando !
5,Amo,Adoro
5,Passatempo divertido,Passatempo divertido demais
5,Amo Candy,Minha vers√£o √© muito antiga preciso atualizar como fa√ßo
5,√ìtimo,"√ìtimo jogo, me acalma muito e n√£o trava meu celular üëçüèº"
1,P√©ssima a √∫ltima atualiza√ß√£o,"Ficou p√©ssima a atualiza√ß√£o de n√£o ter mais os booster. Essa constru√ß√£o de rob√¥ e quebrava voc√™ no n√≠vel em que est√° dificultou sobremaneira
Antes a gente podia jogar outros n√≠veis mais baixos e conseguir os booster. Detestei, al√©m do mais se voc√™ desligar o jogo √© for jogar novamente ele zera todas as partes do rob√¥ que vc j√° tinha conseguido"
5,Maravilhoso,Mtooo booom
1,Lixo,Jogo babaca
5,Melhor jogo,Excelente
1,Fases repetidas,A partir da fase 3600 muitos n√≠veis est√£o repetidos! Qual o objetivo de passar de fase se √© o mesmo n√≠vel que j√° joguei anteriormente???????? P√©ssimo.
4,J√° foi melhor,Tem que demorar mais pra mostrar a jogada poss√≠vel!
5,Eu adoro,Sem duvidas √© o jogo que eu mais gosto e jogo h√° anos.
5,√ìtimo,Muito bom
5,‚ô•Ô∏èüëåüç≠ üç¨,App MARAVILHOSO
5,amo,melhor jogo da vida
5,Bom jogo,Bom jogo
2,Spring sale,Bought the spring sale combo but only got the 20 gold bars... where are the other items?
5,Showüòçüòç,Amoooooo
1,IOS,"Kkkkk, o jogo √© bom, s√≥ quero da uma estrela mesmo, kkkkkkkkkkkkkkkkkkkkkkkkkkkkkkkkkkkkkkkkkkkkkkkkkkkkkkkkkkkkkkkkkkkkkkkkkkkkkkkkkkkkkkkkkkkkkkkkkkkkkkkkkkkkkkkkkkkkkkkkkkkkkkkkkkkkkkkkkkkkkkkkkkkkkkkkkkkkkkkkkkkkkkkkkkkkkkkkkkkkkkkkkkkkkkkkkkkkkkkkkkkkkkkkkkkkkkkkkkkkkkkkkkkkkkkkkkkkkkkkkkkkkkkkkkkkkkkkkkkkkkkkkkkkkkkkkkkkkkkkkkkkkkkkkkkkkkkkkkkkkkkkkkkkkkkkkkkkkkkkkkkkkkkkkkkkkkkkkkkkkkkkkkkkkkkkkkkkkkkkkkkkkkkkkkkkkkkkkkkkkkkkkkkkkkkkkkkkkkkkkkkkkkkkkkkkkkkkkkkkkkkkkkkkkkkkkkkkkkkkkkkkkkkkkkkkkkkkkkkkkkkkkkkkkkkkkkkkkkkkkkkkkkkkkkkkkkkkkkkkkkkkkkkkkkkkkkkkkkkkkkkkkkkkkkkkkkkkkkkkkkkkkkkkkkkkkkkkkkkkkkkkkkkkkkkkkkkkkkkkkkkkkkkkkkkkkkkkkkkkkkkkkkkkkkkkkkkkkkkkkkkkkkkkkkkkkkkkkkkkkkkkkkkkkkkkkkkkkkkkkkkkkkkkkkkkkkkkkkkkkkkkkkkkkkkkkkkkkkkkkkkkkkkkkkkkkkkkkkkkkkkkkkkkkkkkkkkkkkkkkkkkkkkkkkkkkkkkkkkkkkkkkkkkkkkkkkkkkkkkkkkkkkkkkkkkkkkkkkkkkkkkkkkkkkkkkkkkkkkkkkkkkkkkkkkkkkkkkkkkkkkkkkkkkkkkkkkkkkkkkkkkkkkkkkkkkkkkkkkkkkkkkkkkkkkkkkkkkkkkkkkkkkkkkkkkkkkkkkkkkkkkkkkkkkkkkkkkkkkkkkkkkkkkkkkkkkkkkkkkkkkkkkkkkkkkkkkkkkkkkkkkkkkkkkkkkkkkkkkkkkkkkkkkkkkkkkkkkkkkkkkkkkkkkkkkkkkkkkkkkkkkkkkkkkkkkkkkkkkkkkkkkkkkkkkkkkkkkkkkkkkkkkkkkkkkkkkkkkkkkkkkkkkkkkkkkkkkkkkkkkkkkkkkkkkkkkkkkkkkkkkkkkkkkkkkkkkkkkkkkkkkkkkkkkkkkkkkkkkkkkkkkkkkkkkkkkkkkkkkkkkkkkkkkkkkkkkkkkkkkkkkkkkkkkkkkkkkkkkkkkkkkkkkkkkkkkkkkkkkkkkkkkkkkkkkkkkkkkkkkkkkkkkkkkkkkkkkkkkkkkkkkkkkkkkkkkkkkkkkkkkkkkkkkkkkkkkkkkkkkkkkkkkkkkkkkkkkkkkkkkkkkkkkkkkkkkkkkkkkkkkkkkkkkkkkkkkkkkkkkkkkkkkkkkkkkkkkkkkkkkkkkkkkkkkkkkkkkkkkkkkkkkkkkkkkkkkkkkkkkkkkkkkkkkkkkkkkkkkkkkkkkkkkkkkkkkkkkkkkkkkkkkkkkkkkkkkkkkkkkkkkkkkkkkkkkkkkkkkkkkkkkkkkkkkkkkkkkkkkkkkkkkkkkkkkkkkkkkkkkkkkkkkkkkkkkkkkkkkkkkkkkkkkkkkkkkkkkkkkkkkkkkkkkkkkkkkkkkkkkkkkkkkkkkkkkkkkkkkkkkkkkkkkkkkkkkkkkkkkkkkkkkkkkkkkkkkkkkkkkkkkkkkkkkkkkkkkkkkkkkkkkkkkkkkkkkkkkkkkkkkkkkkkkkkkkkkkkkkkkkkkkkkkkkkkkkkkkkkkkkkkkkkkkkkkkkkkkkkkkkkkkkkkkkkkkkkkkkkkkkkkkkkkkkkkkkkkkkkkkkkkkkkkkkkkkkkkkkkkkkkkkkkkkkkkkkkkkkkkkkkkkkkkkkkkkkkkkkkkkkkkkkkkkkkkkkkkkkkkkkkkkkkkkkkkkkkkkkkkkkkkkkkkkkkkkkkkkkkkkkkkkkkkkkkkkkkkkkkkkkkkkkkkkkkkkkkkkkkkkkkkkkkkkkkkkkkkkkkkkkkkkkkkkkkkkkkkkkkkkkkkkkkkkkkkkkkkkkkkkkkkkkkkkkkkkkkkkkkkkkkkkkkkkkkkkkkkkkkkkkkkkkkkkkkkkkkkkkkkkkkkkkkkkk"
1,Muito bom!!!!!!!,Para de ler isso mano ;‚Äî‚Äî‚Äî-;
1,Roulette is not fair,The roulette never stop in the full package. ü§¨
5,Bom,Muito divertido
3,Dicas o tempo todo,"o Jogo √© legal mas tem dica o tempo todo, isso atrapalha. N√£o d√° nem tempo de pensar e j√° d√£o dicas de jogadas. Deviam ou aumentar o intervalo de tempo at√© que o jogador tenha ajuda ou ter um jeito de desativar isso."
5,Muito bom,"√ìtimo jogo , muito legal"
5,Amo,Jogo incr√≠vel
5,Legal,Muito bom!!
1,Me roubaram,Voltei a jogar e lembro que parei l√° pelo n√≠vel 400 por a√≠ e voltei no 18 agora...
5,Juju123456,Muito bom
5,Terapia,Meu o jogo e da hora eu aconselho as pessoas jogarem por e √≥timo passa tempo da hora meu e animal
5,Bom,Muito bom
5,Ahhhhh,Melhor jogo
5,Vicio,Amo
5,Kaka,üíïüíïüíï
1,Travou de vez,Agora n√£o abre nem o jogo mais travou tudo que coisa arrumem isso a√≠ j√° t√° assim a um temp√£o aff üò§ üò§ üò§
1,Cobran√ßas?,"Estou tentando atualizar 
Este app e est√° me solicitando cobran√ßa 
O que houve?"
5,Adoro,Passatempo favorito
4,Viciante,√â muito bom!
5,amo dilmais,melhor jogo do mundo
5,Demora nas fases,"Jogo √≥timo, mas as fases s√£o chatas, n√£o apresentam desafios. √â uma repeti√ß√£o sem fim...
Poderia ser mais din√¢mico..."
5,Prefeito!,To sempre jogando!
5,Muito booom,√ìtimo
5,Adoooro o jogo,Essa vers√£o atualizada t√° muito mais legal q a primeira. üòç
5,Cand,Adoro o jogo
1,N√£o conectem ao Facebook!,Conectei ao Facebook e perdi todo o meu progresso!!! Estava na fase 370 e ele voltou pra fase 30!!!
5,Muito viciante,Jogo √≥timo para passar o tempo e competir com os amigos!!!
3,Amo o jogo,"Amo o jogo, por√©m ultimamente tem roubados algumas fases minha, passo a fase e ela volta na mesma como se n√£o tivesse passado. Isso precisa melhorar !"
3,Bom,"N√£o est√° conectando a internet, precisa de atualiza√ß√£o."
5,Top,Top
5,Bom,ü§ôüèºüëçüèº
5,Bom,Muito bom
1,P√©ssimo,Horr√≠vel
5,Meu companheiro,"Melhor passatempo nas aulas, metr√¥ ou at√© em casa"
1,Quero meu dinheiro de volta,Quero meu dinheiro de volta
5,Amo‚ù§Ô∏è,Demais
5,Bom,Gostei
5,Show,Topppppppppppppppppppppppp
5,Candy crush,√ìtimo jogo!!
5,Adoro,"Muito bom, as atualiza√ß√µes sempre s√£o para dar mais op√ß√µes, gosto muito."
5,Show,Muito bom
5,Œ±–º—îŒπ ù,–ºœÖŒπ—ÇœÉ ‚Ñì—îgŒ±‚Ñì
5,‚ù§Ô∏è,Sensacional
5,Est√° travando,Toda vez que eu abro o Candy Crush ele trava por uns 15 segundos
1,Fases repetidas,"Estou na fase 3576 e mesmo atualizando o app no celular, as fases est√£o est√£o repetidas com outras que j√° joguei antes."
5,üëèüèªü§üüèª,üëçmuito bom
5,Muito legal.,Muito legal.
5,Otimo,Viciante demais
5,Amo,Amo
5,√ìtimo,√ìtimo
5,Jogo,Muito bom
5,√ìtimo,√ìtimo
4,Amo,As vezes fico por um mas amooo √© viciante
5,Candy Crush,√ìtimo jogo!
5,Bom,√ìtimo jogo
5,Amo esse jogo,Melhor do mundo
5,Bom,Bom
3,Bom,"O jogo √© bom mas chega uma hora que fica muito dificil, n√£o tem mais o que fazer. Deletei."
1,Porque a fase 4386 trava ?,"√önico problema que tive no jogo, n√£o tem como jogar essa fase, ela finaliza antes mesmo de come√ßar !"
5,Amoooo,"Amooooo,√≥timo entretenimento"
5,N√£o tem igual,Cada dia um desafio viciante
5,Tutu,Tutu
5,Top demais !,As horas passam e eu me s√≥ vicio hahaha ‚ô•Ô∏è
4,Muito bom,Gosto muito
1,Rouba de mais,Colocam fases f√°cil falando que √© dif√≠cil e fases dif√≠ceis falando que s√£o f√°ceis... vai entender
5,ü•∞,Excelente! ü§©
5,Jogo,Jogo top meu vicio
5,Bom,√ìtimo
2,Foi muito bom,Sempre jogo desde o lan√ßamento n√£o tenho o que reclamar... at√© que colocaram propaganda a cada clique e isso sim se tornou uma coisa chata... ter propagandas ok mais n√£o tantas
5,Maravilha,Show
1,Legal,Muito bom
5,Top,Amo esse jogo
1,Raiva,Travou e n√£o volta mais! Simplesmente fica carregando por horas e n√£o abre!
5,OhSnh,Minha melhor divers√£o
5,Amo,Super
5,Melhor jogo!,"Para passar o tempo, tirar o stress, ou onde quiser! Melhor jogo! Eu adoro."
5,Muito bom,Viciante
3,Da muita dica,A √∫nica coisa que n√£o gosto √© do jogo ficar mostrando dica toda hora. Da nem tempo de pensar na jogada.
4,Muito bom,√â um dos melhores aplicativos para passar o tempo
5,Viciado,Jogo extremamente viciante. At√© sonhei com ele. Kkkk
5,Amo üòç,Melhor jogo ‚ù§Ô∏è‚ù§Ô∏è‚ù§Ô∏è!
5,Melhor jogo,Melhor jogo
5,Muito bom,Melhor passatempo üòçüòçüòç
5,...,√â bom!
3,"Jogo divertido, masss","O jogo √© √≥timo, mas as vezes colocam fases quase imposs√≠veis de passar sem ter os boosters... o que, para quem n√£o quer comprar, desmotiva a continuar a jogar."
4,Legal,Legal
5,Maravilhoso,Jogo viciante
5,Recomendo!,Jogo √≥timo üòç
5,Lixo s√≥ que nao,Mlr app s√≥ q nao ent√£o √© os guri de Uruguaiana
5,Ameiiii,Melhor jogo amando
5,Muito viciante!,"Se n√£o quiser se viciar, nem baixe esse app! A integra√ß√£o com redes sociais favorece muito a busca por n√≠veis mais altos! üç¨üç≠üç°üç¢"
5,Muito bommm,Amoo
5,i like it,very funny
5,Joguinho,Bom demais üëèüèªüëèüèª
5,Top,Top
4,Amo esse jogo,üòç
5,Melhor jogo,Amooo
5,Melhor de todos!,"Nada se compara
Ao CANDY CRUSH! Sempre o melhor!"
2,Problema,"E da 3 dias que n√£o consigo abrir o App, abre a segunda tela e para!"
5,üíì,üòçüòç
5,M√°gico,Amo mas odeio as bombas kkkk tirando isso tudo perfeito
5,Muito Viciante,"Amei o jogo, Top d+, It's top, 10/10"
5,O Melhor!!,Adoravel
5,Top,Jogo muito legal
3,Erro na execu√ß√£o de v√≠deos,H√° duas semanas os v√≠deos n√£o rodam. Fica numa tela preta s√≥ com um X para fech√°-la impedindo a coleta de bosters ou giro da roleta de pr√™mios.
5,Muito bom,Vale a pena jogar e passar o tempo
5,Legal!!!!,Bom pra passar o tempo.
1,stupid and annoying terrible colours,stupid and annoying terrible colours
5,Maravilhoso,Super interte
5,Bom,Viciante
5,Viciante,Amo demais
5,Top,Viciante
5,Mt bom,Melhor jogo
5,Passatempo,√ìtimo passatempo
5,Awesome!,"Voc√™ vai amar, pode baixar!"
5,Ok,Ok
5,Ok,Ok
5,Vicio,App viciante
5,Candy crush,"Muito bom, muito tranquilizante , excelente jogo"
5,ü§≠,Bom igual bombom
5,Meu melhor passa tempoü•∞ü•∞,Amoooo
5,‚ù§Ô∏è,Viciante!!!!
5,B√£o pra car√°leo!,B√£o dimais da conta s√¥!
5,Muito legal.,Relaxante e viciante. Cuidado. Rsssss
5,Candy Crush Saga,"Melhor jogo 
Toooooop ü§©"
5,Viciante,muito legal
5,Distrativo!,Muito bom!!
5,Jogos,Amo o jogo recomendo
5,Bacana!,"O jogo est√° sem som de efeitos, funcionando somente a m√∫sica.... Mesmo os dois estando habilitados.
A√≠ fica meio mon√≥tono!"
5,melhor jogo,muito viciante
5,Viciante,Muito bom
5,Joguinho,Bonz√£o
5,Fofoco,Dddjdj
5,Melhor jogo,"Amo, me distrai super viciante!"
5,√ìtimo,Recomendo!
5,Muito bom,Muito bom
5,Amo,Amo muito!
5,O melhor,Sem d√∫vidas o melhor.
5,Amei,Adoro
5,Amo demaiss,Melhor jogo pqp
5,Top,Mt bom
5,Muito bom,Melhor jogo
5,Excelente,Muito bom e viciante.
5,melhor jogo,sensacional !
5,Amo,Melhor de todos
5,Nota 10,Sou viciada
5,Muito bom,Legal
5,Top,Top
5,Viciante,Amoooo!
5,Viciante,Melhor jogo
5,Topen,Amo
5,jogo,"amo
o jogo"
1,Engana√ß√£o,"O Jogo √© uma engana√ß√£o. Voc√™ ganha pr√™mios e o App n√£o credita. Toda vez que quer pedir vida, tem que desconectar e conectar novamente para que os amigos apare√ßam na op√ß√£o de solicita√ß√£o de vida. J√° cansei de reclamar e n√£o adianta. O App s√≥ quer saber de comprar. Quando o cliente ganha ele d√° pane!"
5,Amo,"Relaxante ! 
Amo ..."
5,Fant√°stico,Muito bom para passar tempo!
5,Simone,Muuuuuito bom!
5,Bom demais,Viciante
5,Legal,Legal
5,Legal üëç,üëçüëçüëç
5,joguinho,√≥timo game !!!!!!
5,Jogo sensacional!!,Melhor distra√ß√£o!
5,Muito bom,O melhor Candy Crush
5,Super indico,Adoro!
5,Toppp,Melhor jogo da vida üòç
5,üëç,üëçüëçüëç
5,VICIANTE!!!,√ìtimo passatempo! Muito divertido e viciante! :)
5,Muito bom,Divertido e desafiador
5,Muito bom,Top
5,O MELHOR!,Nunca vai sair de moda!
5,Passa tempo,Passa tempo de primeira qualidade.
5,a,tudo p mim
5,Top,Muito bom
5,Viciante,Muito viciante
5,Candy,"Adoro , muito viciante"
1,Me roubaram,Joguei a semana inteira fiquei em primeiro na corrida semanal e n√£o recebi meus pr√™mios.
5,√ìtimo,10
5,Top,Top demais
5,‚ù§Ô∏è,O melhor
5,Top,Top
5,Muito bom,Bom demais
4,Candy,Amo!
3,Legal üëçüèª,Legal
4,Legal,"Legal, mas as vezes meus boosters estouram sem eu liberar üòï"
5,The best,Muito bom!
4,Muito bom!,"Tem uns n√≠veis que vc passa nervoso, mais quando consegue passar, a sensa√ß√£o √© muito boa!!"
5,Lindo,Amo jogar
2,Precisa arrumar isto!,O v√≠deo para validar pr√™mio n√£o abre... assim fico sem receberem o pr√™mio.
5,Larymanica,Muito bom.
5,√ìtimo!,Muito top!
5,Muito bom,Muito bom
5,Bom pra relaxar e passar o tempo,Muito bom
5,Viciante,‚ù§Ô∏è
5,Melhor jogo,Melhor jogo
5,vicio,amo!
1,N√£o recebi mais a chance de ver propagandas para ganhar boosters,O jogo oferecia boosters e vidas extras se voc√™ assistisse propagandas e simplesmente parou de oferecer essa op√ß√£o. Estou decepcionado com o jogo.
5,Viciante!,Muito bom pra jogar no tempo livre.
5,Amo!,Pra passar o tempo e te tirar do t√©dio...
5,Candy,Sensacional!!!
5,B√£o,B√£o
5,Jogo,Melhor passa tempo!!
1,O jogo n√£o abre,J√° faz alguns meses que esse jogo n√£o abre no meu celular (iPhone 5s). Queria saber o por que disso
4,"Gosto, mas tem algumas limita√ß√µes",Poderia ter menos empata de v√≠deos propaganda
5,amo,mega viciada!
5,Melhor jogo,Me divirto muito
5,Bom,Muito bom
4,Bom todo,Pra distrair √© o melhor rem√©dio
5,Recomendo,Amo e √© divertido. Recomendo.
3,Barras de Ouro que n√£o s√£o creditadas,Adoro o jogo mas comprei alguns pacotes e as BARRAS DE OURO NUNCA s√£o creditadas.
5,Top,Top
5,Avalia√ß√£o,Muitoooo boom! üôÖüèª‚Äç‚ôÇÔ∏è
1,Vergonha,"Quando se escolhe pr√™mios, eles n√£o aparecem, jogadas que n√£o s√£o concretizadas! Bugs em telas, que se fica mais de 2 semanas pra conseguir passar de fase. Roleta que n√£o da premio m√°ximo!
Jogo fdp, N√ÉO RECOMENDO."
5,iPhone 8 Plus,Muito bom amooo
5,Melhor jogo,Top
5,Filipi,Great!
5,N√£o gostei,"Come√ßou ter muita propaganda ,por isso,vou desistir acaba ficando chato esse jogo com muita propaganda desnecess√°rio"
5,Viciante!,Muito bom
5,Passatempo ideal,Divertido e viciante
5,Adoro!,O melhor que j√° joguei neste estilo!
5,Que jogo envolvente!,Joga-se sem parar. Muito bom.
5,Maravilhoso,meu v√≠cio di√°rio!!! muito bom ‚ù§Ô∏è
5,Adoro,Amei a nova atualiza√ß√£o!!!
5,Muito bommmm,Adoro esse joguinho
5,Topzeraa,Melhor jogo!
5,üòç,Amo este jogo
1,Rouba demais,Aparece que n√£o tem mais movimentos quando nitidamente ainda tem.
5,Melhor jogo,Amo
5,Top,Jogo maravilhoso amo jogar ele
5,√ìtimo pra passar raiva quando a vida acaba mas eu adoro,ü§†ü§†ü§†
5,√ìtimo,Muito bom e divertido
5,Bom,Mt bom
5,B,Bomm
5,Melhor jogo! Viciante,"Amo de mais, melhor jogo! O √∫nico do meu celular üëèüèªüòç. 
Vicio todo mundo ao meu redor"
5,Super satisfeita !,Estou amando o jogo
5,Legal,üëè legal
5,Muito bom,Muito bom
5,Maravilhoso,Amo esse jogo s√≥ nn gosto de perder kkkkk
5,Mara,Amo
5,Muito bom!,Sou loucamente viciada nesse jogo.
5,Top,"Melhor jogo da vida, jogo a anos"
4,Vidas,Queria que tivesse mais vidas
5,Muito bom,Amo demais
5,‚ù§Ô∏è,Muito bom
5,Jogo üîù,Muito bom o jogo!! Recomendadissimoooo! Show!üëèüèæüëèüèæüëèüèæüëèüèæ
5,‚úÖ,Adeus vida social
5,Jogo demais,Top demais
4,C,Legal
5,Melhor,Muito bom
5,tata,otimo viciante adoroooo
5,Jogo,√ìtimo jogo top
5,Candy,F√£ demaisssssss
5,Viciante!,Realmente viciante.
5,Top,Top
5,Eu recomendo √© √≥timo e tamb√©m e divertido e me ajuda a desestressar,√ìtimo üëçüèª
5,AMO,Muito
5,Muito bom,Adoro
5,Melhor jogo,Adoro jogar todos os dias
5,√ìtima distra√ß√£o,O melhor joguinho que tenho no celular.
5,Muito bom,Excelente para passar o tempo
5,Amo,Amo demais
5,√≥timo,"jogo muito bom, empolgante"
5,Top,Passa tempo perfeito
5,Muito bom!,"Al√©m de ter atualiza√ß√µes incr√≠veis o jogo te incentiva a superar os limites. 
√önico ruim no meu iPad √© que trava muito nos an√∫ncios. Fora isto, adoro jogar."
5,Amo!,Eu amo
5,√ìtimo,üëçüëçüëç
5,Adoro,Viciante
5,Gabriel,"Muito legal , e um √≥timo passatempo"
5,Amo,Melhor jogo
5,‚ù§Ô∏è,‚ù§Ô∏è
5,Top,Jogo muito bom!
5,‚ù§Ô∏è,"Amo o jogo. √Äs vezes me estresso com algum bug, mas n√£o da pra parar de jogar. Amo demais!"
5,Sensacional ‚ù§Ô∏è,Super indico.
5,Muito bom,Bom
5,maravilhoso,melhor jogo do mundo
5,Candy crush,"Muito bom, viciante"
5,√ìtimo,Jogo viciante que amo
5,Top,Muito bom
4,√ìtimo,Muito bom!
5,Estou falando de v√≠cio. Kkkkk,Viciada nesse jogo. Amo demais.
5,Mto bom,Adoro
5,Top,Gostei muito top
5,Adoro esse jogo!,Muitas novidades e um passatempo muito divertido!
5,Muito bom jogo,O jogo esta muito mas ao longo do tempo fica um pouco tedioso
4,lol,Bem divertido para se passar o tempo
5,O Rei das Gal√°xias,Se existe um pica das gal√°xias esse jogo √© uma moinho de rola.
5,Great,Good game!
5,Muito bom,Gostando
5,√ìtimo jogo,üòª√≥timo
5,CandyLover,V√≠cio!!
5,Amo,Amo demais!!! Pena que as vidas demoram tanto pra recarregarem! üò≠
5,Vanessa Freitas,"Otimo app, varias fases e muito interativo"
4,Adorooooo,10
5,√ìtimo jogo,Muito bem feito
5,Ululante,Ushsujaka
5,Amo,O jogo
5,Muito bom,Vale a pena baixar !
5,Amoooo,Bom demais
5,Toooop,O mais top
5,Show,Gostei muito!
5,E muito bom gente,Ele faz a gente ficar desestressar
5,viciante,muito viciante
5,Viciante,Melhor Jogo‚ù§Ô∏è
5,adoro ‚ô•Ô∏è,√© um √≥timo passa tempo sempre joguei e amo ü•∞‚ù§Ô∏è‚ù§Ô∏è
5,Muito bom!,Estimula o racioc√≠nio.
5,√ìtimo,Muito bom para distrair
5,√ìtimo,Muito legal e anti estresse mesmo.
5,Top demais,Top demais
5,pratico e f√°cil,Um √≥timo passa tempo! Amo.
5,Muito bom,Funciona muito bem! Mesmo qdo esta sem internet
5,Top,Melhor jogo pra passar tempo
4,Adoroooo,Adoroooo
5,Mlr jogo,Amei ‚ù§Ô∏è‚ù§Ô∏è‚ù§Ô∏è‚ù§Ô∏è
5,Amo,Viciooo
5,‚ù§Ô∏è,Muito bom e divertido
5,Melhor jogo,"√ìtimo, jogabilidade excelente"
5,Opini√£o,Bom que nem doce hehehe
5,Amo!!!!,Amo!!!!
5,Bom,Jogo show
5,Viciante,Parabens
5,Melhor jogo de todos,-||-
4,Bom,Bom
5,Jogo de bela criatividade!,Jogo ta mais interessante agora!
5,Adorei,Comecei a jogar e n√£o consigo parar √© muito legal
5,√ìtimo,√ìtimo passatempo
5,Show,O melhor!
5,Amo demais,Imposs√≠vel jogar apenas um n√≠vel !! Amo demais
2,N√£o respondem,"J√° √© a segunda vez essa semana que meus boosters somem, absolutamente todos, tinha mais de 50 e meu estoque est√° zerado. J√° tentei contactar o suporte do app por todos as plataformas e n√£o tive nenhuma resposta. Como fica quem e lesionado com esse sumi√ßo repentino?? Sendo que em nenhum lugar existe resposta. O app √© maravilhoso, espero n√£o ter que parar de jogar. Sempre indico o jogo √© quando resolverem meu problema volto aqui e mudo a avalia√ß√£o!"
4,Muito bom,Esse jogo √© viciante
3,Bom jogo,Muita propaganda!
5,Excelente jogo,Muito bom
5,Agaugustta,Jogo bom demais
5,Muito topppp,"O joga mais legal,baixem √© muito bom"
5,iphone 6 plus,√≥timo jogo !!!
5,Bom,Bom
5,Melhor Jogo!!!!,√ìtimo jogo para passa tempos!!
5,muito bom,serasse eu to viciada?
5,Melhor jogo,"Viciante, bom demais !!!!"
5,Muito bom o jogo eu adorei,Bem legal
5,Candy,Viciante!!! ü§£üòç
4,Muito bom,Toop
5,Viciei,Adoro esse jogo estou viciado
5,√ìtimo,Muito bom
5,Top demai,Jogo incr√≠vel
5,Excelente !!,"N√£o consigo parar de jogar, muito bom!!"
5,Fica,Tranquileba
5,Bom jogo,√ìtimo jogo n√£o paro mais de jogar
1,Estresse,Voc√™s fazem o jogo pra relaxar mas bota umas fases dif√≠cil e com poucas vidas!! Eu n√£o saiu da fase 105 porque s√≥ tem m√≠seras vidassss eu to muito estressada
5,Maravilhoso,Dou 5 estrelas
5,√ìtimo,Bom
5,Divertido,Legal
4,Bom,Bom
5,Melhor jogo,Me distraio bastante
5,Melhor jogo EVER,Jogo super divertido! Melhor jogo que eu j√° joguei nos √∫ltimos tempos!!!
5,Perfeito,Perfei√ß√£o extrema
5,Excelente,Jogo muito bom
5,Oromo,Excellent jogs
5,mmmmmmjugvb,hugji
5,Melhor jogo do mundo,Mt boooooom
5,Viciante,"Jogo te vicia, n√£o fico sem jogar 1 dia"
5,Melhor jogo ( viciante),Amuuu d+
5,Legal,Muito bom
5,Viciante,Adoro jogar e relaxar
4,Nao gostei,N√£o gostei da nova atualiza√ß√£o que n√£o difere quem pede vida para quem dia vida!!
5,Viciante,Como parar de jogar esse tro√ßo?
5,Melhor jogo,Amo esse jogo! Me desestressa e as vezes stressa
4,Muito bom,Adoroooo
5,"N√£o baixe, vicia!!!","Muito bom para passar o tempo, por√©m vicia."
5,Amo,Esse √© o melhor jogo da vida üòçüòç
5,Meu jogo favorito,Viciante!! Adoro!
5,Amo muito ü•∞,Amo jogar
5,Sensacional!,Jogo incr√≠vel
5,Massa Miojo Nissin,Massa
5,Entretenimento,Maravilhoso
5,Melhor jogo,Muito boooooommmmm e divertidos . Melhor jogo !!!! Gosto bastanteee !!!
5,√ìtimo,Melhor jogo
4,Topsom,Topster
5,Top,Top
3,Viciante,üôà
5,Melhor jogo,Jogo maravilhoso!
5,Vanessaabrao,‚ù§Ô∏è!
5,Passa-Tempo,Excelente para passar o tempo
5,√ìtimo,Muito bom
5,Adoro,Bom amo
5,Kariny cavalcante,Muito bom esse jogo
5,Muito viciante!,Melhor jogo de todos.
5,O melhor,Jogo viciante demais üòçüòçüòç
5,Top,Muito bom
5,Mt bom,Bom demais
5,√ìtimo jogo,Muito divertido
5,Show!,Melhor passa
5,√ìtimo,Muito bom!!!!
5,Muito bom!!!,10
5,Muito bom,Sou viciada nesse jogo melhor do mundoooo
5,Uma diversao,Divertido!!!
5,Candy,"√ìtimo jogo, recomendo!"
5,Avalia√ß√£o,Melhor passatempo
5,Adoro!!,"Amo demais 
Cada vez melhor"
5,mt bom,mt bom
4,Bom jogo,Divertido
5,Top,Muito bom
5,Candyvicio,Viciante
5,Excelente jogo,Muito bom para descontrair.
3,Muito bom mas poderia ser √ìtimo,N√£o deveria ter limite de vida! Acho muito desnecess√°rio esperar meia hora por vida pra conseguir jogar
5,Massa,Top
5,Candy Crush,Muito bom e viciante !!!
5,Amoooooo,"esse √© o melhor jogo de todos 
#Amo_de_paixao"
5,Legal,√ìtimo
5,Muito bom!,"Acabei viciada nesse jogo
Muito bom mesmo, vale a pena baixar ele!
Adorooooo"
5,Perfeito!,Perfeito pra horas de relax!
5,muito bom este jogo,amei o jogo
5,Top,Amo jogar
5,Top,Top
5,Muito bom,Demais
5,Viciante,ü•∞ü•∞
5,Adoro!,"Muito bom, n√£o trava"
5,Fran0309,Muito boooom
5,√ìtimo,√ìtimo
5,Muito bom,√ìtimo
1,P√©ssimo,P√©ssimo
5,Muito bom!,Jogo divertido!
5,Melhor jogo,Sempre divertido
5,Um dos melhores,"Um dos melhores jogos que joguei, um verdadeiro passa tempo"
5,Top!,Massa demais ! Bom passatempo...
5,Top demais,Muito bom
4,viciante,viciante
4,Amoooooüòç,Muitoooo bom...‚ù§Ô∏è
5,Top,Amo demais ‚ù§Ô∏è
5,Love,Amoooooooooo de mais #vicioüòÇ
5,Legal,Muito bom
3,j√° foi melhor,"a tela do jogo trava e quando volta estou fora da partida e sem a vida, fora que acho sacanagem a gente perder a partida pq n√£o tem mais movimentos poss√≠veis, podiam dar outra op√ß√£o!"
5,Jogo √≥timo,Muito bom
5,mec,mutcho bom
5,Top,Muito bom
5,Jogo muito bom,Jogo muito bom
5,√ìtimo,√ìtimo
5,Muito bom!!,Maneiro demais
5,Amo,Adoro esse jogo e o app √© √≥timo.
5,Legal,Legal
5,Top,Top
3,Candy,Top
5,Heloiza,Esse jogo √© muito bom √© s√©rio eu adoro üòç
5,Sensacional,Melhor jogo
5,Amo muito,"Muito divertido, adoro jogar Candy üòç"
5,√ìtimo,√ìtimo
5,viciante demais kk,to gastando demais com esse jogo
4,√ìtimo,üëèüèºüëèüèº
5,Melhor jogo,Muito bom!
5,‚ù§Ô∏è,Muito bom
3,Vidas,"Demora muito pra carregar as vidas,fora isso √© bom o jogo,qdo diminuir Ont√°rio de carregar as vidas dou 5 estrelas"
5,O melhor jogo,The best!!!!!
5,Muito bom,√ìtimo!
